timestamp,raw_x,raw_y,filtered_x,filtered_y,contour_count
0.3726,560,664,560,664,1
0.406,560,640,560.0,661.6,1
0.4408,560,640,560.0,659.44,1
0.4714,560,640,560.0,657.5,5
0.5044,560,600,560.0,651.75,3
0.5379,560,608,560.0,647.37,3
0.5696,568,608,560.8,643.43,3
0.6033,568,624,561.52,641.49,4
0.6361,568,624,562.17,639.74,4
0.6676,576,632,563.55,638.97,4
0.703,552,632,562.4,638.27,3
0.7362,552,632,561.36,637.64,3
0.7673,560,632,561.22,637.08,3
0.8005,560,640,561.1,637.37,4
0.8341,552,648,560.19,638.43,4
0.8675,552,656,559.37,640.19,4
0.9005,552,664,558.63,642.57,4
0.9433,568,664,559.57,644.71,5
0.9687,568,664,560.41,646.64,5
1.0007,568,664,561.17,648.38,5
1.0357,576,664,562.65,649.94,5
1.0706,576,664,563.99,651.35,4
1.1004,536,672,561.19,653.41,3
1.134,528,672,557.87,655.27,3
1.1668,512,672,553.28,656.94,1
1.2012,496,672,547.56,658.45,1
1.237,488,664,541.6,659.0,1
1.2709,472,664,534.64,659.5,1
1.3016,456,664,526.78,659.95,1
1.3368,432,656,517.3,659.56,1
1.3703,424,648,507.97,658.4,1
1.4035,400,640,497.17,656.56,1
1.435,384,632,485.85,654.11,3
1.4675,368,608,474.07,649.5,3
1.5014,352,592,461.86,643.75,3
1.5341,336,560,449.28,635.37,3
1.5671,320,536,436.35,625.43,3
1.6012,312,504,423.91,613.29,3
1.634,304,464,411.92,598.36,3
1.6675,304,432,401.13,581.73,3
1.7002,304,392,391.42,562.75,3
1.7365,312,368,383.48,543.28,3
1.7669,320,336,377.13,522.55,2
1.8004,328,312,372.21,501.49,2
1.8359,344,296,369.39,480.95,2
1.8701,360,288,368.45,461.65,2
1.9003,376,280,369.21,443.49,2
1.9333,384,272,370.69,426.34,2
1.9679,400,272,373.62,410.9,2
1.9993,416,264,377.86,396.21,2
2.034,432,264,383.27,382.99,2
2.0747,440,264,388.94,371.09,2
2.1102,456,264,395.65,360.38,2
2.1421,456,264,401.68,350.75,2
2.1747,464,264,407.92,342.07,2
2.2087,464,264,413.52,334.26,1
2.2378,456,264,417.77,327.24,1
2.2678,456,272,421.6,321.71,1
2.3009,448,272,424.24,316.74,1
2.3336,456,272,427.41,312.27,1
2.3676,456,264,430.27,307.44,1
2.4035,464,256,433.64,302.3,1
2.4341,464,248,436.68,296.87,1
2.4681,472,240,440.21,291.18,1
2.5006,480,240,444.19,286.06,1
2.5345,488,232,448.57,280.66,1
2.5695,496,224,453.31,274.99,1
2.6012,504,232,458.38,270.69,1
2.6337,512,232,463.74,266.82,1
2.668,520,224,469.37,262.54,1
2.701,528,224,475.23,258.69,1
2.7367,544,232,482.11,256.02,1
2.7775,544,232,488.3,253.62,1
2.8042,552,232,494.67,251.45,1
2.8365,552,232,500.4,249.51,1
2.8681,560,240,506.36,248.56,1
2.9005,560,240,511.73,247.7,1
2.9346,552,232,515.75,246.13,1
2.9671,552,232,519.38,244.72,1
3.0009,552,240,522.64,244.25,1
3.0335,552,232,525.58,243.02,1
3.0754,544,224,527.42,241.12,1
3.0993,536,224,528.28,239.41,1
3.133,520,240,527.45,239.47,1
3.1664,480,264,522.7,241.92,1
3.1997,432,304,513.63,248.13,1
3.2331,392,416,501.47,264.92,2
3.2662,400,576,491.32,296.02,1
3.2987,440,664,486.19,332.82,1
3.3329,568,648,494.37,364.34,1
3.3665,656,552,510.53,383.11,1
3.4017,712,432,530.68,387.99,1
3.4346,712,320,548.81,381.2,1
3.4671,688,224,562.73,365.48,1
3.5001,608,152,567.26,344.13,1
3.5333,456,152,556.13,324.92,1
3.5673,296,232,530.12,315.62,1
3.6032,232,392,500.31,323.26,1
3.6333,336,552,483.88,346.14,1
3.6752,528,608,488.29,372.32,1
3.6994,696,616,509.06,396.69,1
3.7352,808,592,538.95,416.22,1
3.7663,888,496,573.86,424.2,1
3.7999,864,384,602.87,420.18,1
3.833,776,288,620.19,406.96,1
3.8676,704,216,628.57,387.86,1
3.8998,632,200,628.91,369.08,1
3.9334,552,224,621.22,354.57,1
3.9754,480,288,607.1,347.91,1
4.0002,432,376,589.59,350.72,1
4.0399,424,544,573.03,370.05,1
4.0803,496,640,565.33,397.04,1
4.1073,696,648,578.39,422.14,1
4.1498,808,592,601.35,439.13,1
4.1737,824,488,623.62,444.01,1
4.2174,824,384,643.66,438.01,1
4.2352,824,312,661.69,425.41,1
4.2663,792,248,674.72,407.67,1
4.2982,736,192,680.85,386.1,1
4.3326,688,160,681.56,363.49,1
4.3649,632,144,676.61,341.54,1
4.4043,568,160,665.75,323.39,1
4.4327,488,192,647.97,310.25,1
4.4672,432,248,626.38,304.03,1
4.502,408,336,604.54,307.22,1
4.5327,400,432,584.08,319.7,1
4.5744,416,552,567.28,342.93,1
4.6028,472,616,557.75,370.24,1
4.6321,560,656,557.97,398.81,1
4.6667,664,648,568.58,423.73,1
4.6991,760,608,587.72,442.16,1
4.7338,832,544,612.15,452.34,1
4.766,880,448,638.93,451.91,1
4.7991,912,344,666.24,441.12,1
4.8316,904,240,690.01,421.01,1
4.8689,864,168,707.41,395.71,1
4.9002,816,120,718.27,368.13,1
4.9313,768,96,723.24,340.92,1
4.9647,720,96,722.92,316.43,1
4.9999,672,88,717.83,293.59,1
5.0314,624,88,708.45,273.03,1
5.0667,592,88,696.8,254.52,1
5.099,552,104,682.32,239.47,1
5.1312,504,112,664.49,226.73,1
5.1657,448,136,642.84,217.65,1
5.1978,416,208,620.16,216.69,1
5.2313,408,304,598.94,225.42,1
5.2645,440,408,583.05,243.68,1
5.3003,480,496,572.74,268.91,1
5.3321,552,560,570.67,298.02,1
5.3655,632,608,576.8,329.02,1
5.4002,720,640,591.12,360.11,1
5.4334,800,640,612.01,388.1,1
5.4714,824,592,633.21,408.49,1
5.5016,824,512,652.29,418.84,1
5.5325,816,424,668.66,419.36,1
5.5656,784,368,680.19,414.22,1
5.6014,744,328,686.57,405.6,1
5.6322,696,312,687.52,396.24,1
5.6646,656,320,684.36,388.62,1
5.6988,632,360,679.13,385.76,1
5.7355,624,424,673.62,389.58,1
5.7753,656,512,671.85,401.82,1
5.7999,728,592,677.47,420.84,1
5.8326,792,632,688.92,441.96,1
5.8653,792,624,699.23,460.16,1
5.9007,760,576,705.31,471.74,1
5.9326,728,472,707.58,471.77,1
5.9654,704,384,707.22,462.99,1
5.998,664,312,702.9,447.89,1
6.0321,608,264,693.41,429.5,1
6.0802,544,248,678.47,411.35,1
6.105,488,256,659.42,395.82,1
6.1421,432,288,636.68,385.04,1
6.1826,392,344,612.21,380.93,1
6.2135,360,424,586.99,385.24,1
6.2347,360,528,564.29,399.52,1
6.2638,400,600,547.86,419.56,1
6.2975,488,640,541.87,441.61,1
6.3306,616,656,549.29,463.05,1
6.3695,752,640,569.56,480.74,1
6.3996,872,608,599.8,493.47,1
6.432,960,544,635.82,498.52,1
6.4639,992,440,671.44,492.67,1
6.4988,992,344,703.5,477.8,1
6.5302,976,272,730.75,457.22,1
6.5642,944,216,752.07,433.1,1
6.5969,912,184,768.06,408.19,1
6.6306,888,160,780.06,383.37,1
6.6735,872,144,789.25,359.43,1
6.7021,864,136,796.73,337.09,1
6.7345,864,136,803.45,316.98,1
6.7651,872,144,810.31,299.68,1
6.8001,896,152,818.88,284.91,1
6.833,920,184,828.99,274.82,1
6.8647,952,224,841.29,269.74,1
6.8992,992,288,856.36,271.57,1
6.9307,1000,384,870.73,282.81,1
6.9649,968,480,880.45,302.53,1
6.9978,896,568,882.01,329.08,1
7.0305,800,608,873.81,356.97,1
7.0651,688,632,855.23,384.47,1
7.0982,568,632,826.5,409.22,1
7.1318,472,608,791.05,429.1,1
7.1648,416,560,753.55,442.19,1
7.1984,392,472,717.39,445.17,1
7.2315,384,392,684.05,439.86,1
7.2774,400,320,655.65,427.87,1
7.2984,432,264,633.28,411.48,1
7.3305,480,240,617.96,394.33,1
7.3647,528,232,608.96,378.1,1
7.3984,576,248,605.66,365.09,1
7.4313,632,280,608.3,356.58,1
7.465,680,336,615.47,354.52,1
7.4968,736,400,627.52,359.07,1
7.5314,808,472,645.57,370.36,1
7.569,888,552,669.81,388.53,1
7.6018,936,600,696.43,409.68,1
7.6301,912,600,717.99,428.71,1
7.6647,824,584,728.59,444.24,1
7.6979,736,560,729.33,455.81,1
7.7317,656,544,722.0,464.63,1
7.7633,592,528,709.0,470.97,1
7.797,520,504,690.1,474.27,1
7.8297,432,456,664.29,472.44,1
7.8637,360,408,633.86,466.0,1
7.8965,328,344,603.27,453.8,1
7.9301,320,296,574.95,438.02,1
7.9636,328,272,550.25,421.42,1
7.9978,352,264,530.43,405.68,1
8.0305,376,288,514.98,393.91,1
8.0687,392,320,502.69,386.52,1
8.1061,400,352,492.42,383.07,1
8.1375,416,416,484.77,386.36,1
8.1774,432,488,479.5,396.52,1
8.2127,464,568,477.95,413.67,1
8.2545,528,624,482.95,434.7,1
8.2665,648,656,499.46,456.83,1
8.2966,792,648,528.71,475.95,1
8.3302,864,600,562.24,488.36,1
8.3664,888,520,594.82,491.52,1
8.3973,896,448,624.93,487.17,1
8.4304,896,392,652.04,477.65,1
8.4648,896,344,676.44,464.29,1
8.5012,904,312,699.19,449.06,1
8.5334,912,288,720.47,432.95,1
8.5642,920,272,740.43,416.86,1
8.5978,928,280,759.18,403.17,1
8.6312,952,296,778.47,392.45,1
8.6632,976,328,798.22,386.01,1
8.697,1000,384,818.4,385.81,1
8.7304,1000,464,836.56,393.63,1
8.7633,960,552,848.9,409.46,1
8.7983,880,600,852.01,428.52,1
8.8303,776,624,844.41,448.07,1
8.8628,664,632,826.37,466.46,1
8.8968,568,632,800.53,483.01,1
8.9306,480,624,768.48,497.11,1
8.9634,416,600,733.23,507.4,1
8.9963,400,552,699.91,511.86,1
9.0299,416,488,671.52,509.47,1
9.063,448,440,649.17,502.53,1
9.1136,488,400,633.05,492.27,1
9.1315,536,376,623.34,480.65,1
9.1641,584,360,619.41,468.58,1
9.1963,632,344,620.67,456.12,1
9.232,672,344,625.8,444.91,1
9.2628,728,352,636.02,435.62,1
9.2975,776,360,650.02,428.06,1
9.3298,824,376,667.42,422.85,1
9.3633,872,416,687.88,422.17,1
9.4077,904,456,709.49,425.55,1
9.4316,936,512,732.14,434.2,1
9.463,944,584,753.33,449.18,1
9.4961,920,616,769.99,465.86,1
9.5333,856,640,778.59,483.27,1
9.5633,760,648,776.73,499.75,1
9.5962,664,640,765.46,513.77,1
9.6298,544,632,743.31,525.59,1
9.6631,440,600,712.98,533.03,1
9.6976,368,552,678.48,534.93,1
9.7314,336,472,644.24,528.64,1
9.765,328,408,612.61,516.57,1
9.7963,336,368,584.95,501.72,1
9.8296,344,336,560.86,485.14,1
9.863,360,328,540.77,469.43,1
9.8967,360,336,522.69,456.09,1
9.9298,360,368,506.42,447.28,1
9.9628,352,416,490.98,444.15,1
9.9985,352,480,477.08,447.74,1
10.0308,376,568,466.98,459.76,1
10.0658,440,616,464.28,475.39,1
10.1091,552,640,473.05,491.85,1
10.1388,672,648,492.95,507.46,1
10.1742,784,640,522.05,520.72,1
10.2123,872,624,557.05,531.04,1
10.2322,936,600,594.94,537.94,1
10.2628,968,568,632.25,540.95,1
10.3039,968,512,665.82,538.05,1
10.3307,952,464,694.44,530.65,1
10.3639,912,432,716.2,520.78,1
10.3962,864,400,730.98,508.7,1
10.4315,824,384,740.28,496.23,1
10.4631,768,376,743.05,484.21,1
10.496,720,360,740.75,471.79,1
10.5301,680,344,734.67,459.01,1
10.5645,656,328,726.8,445.91,1
10.5961,640,320,718.12,433.32,1
10.6295,632,320,709.51,421.99,1
10.6624,632,320,701.76,411.79,1
10.6959,640,328,695.58,403.41,1
10.7292,656,336,691.63,396.67,1
10.7636,680,336,690.46,390.6,1
10.796,696,336,691.02,385.14,1
10.8301,720,320,693.92,378.63,1
10.8637,736,312,698.12,371.96,1
10.8982,744,312,702.71,365.97,1
10.9306,744,312,706.84,360.57,1
10.9622,736,312,709.76,355.71,1
10.9956,720,320,710.78,352.14,1
11.0305,696,328,709.3,349.73,1
11.0645,672,328,705.57,347.56,1
11.0959,648,328,699.81,345.6,1
11.1288,632,312,693.03,342.24,1
11.1627,616,312,685.33,339.22,1
11.2004,616,312,678.4,336.49,1
11.2292,616,312,672.16,334.04,1
11.2619,632,320,668.14,332.64,1
11.2955,656,336,666.93,332.98,1
11.3284,680,344,668.23,334.08,1
11.3622,720,352,673.41,335.87,1
11.396,752,344,681.27,336.68,1
11.4311,784,344,691.54,337.42,1
11.4625,816,352,703.99,338.87,1
11.4958,848,360,718.39,340.99,1
11.5289,872,376,733.75,344.49,1
11.562,888,416,749.18,351.64,1
11.5959,904,464,764.66,362.88,1
11.6286,912,528,779.39,379.39,1
11.6623,896,592,791.05,400.65,1
11.6957,864,624,798.35,422.98,1
11.729,792,648,797.71,445.49,1
11.7623,712,648,789.14,465.74,1
11.8004,616,632,771.83,482.36,1
11.8314,520,616,746.64,495.73,1
11.8619,432,584,715.18,504.55,1
11.8966,368,528,680.46,506.9,1
11.9285,336,464,646.02,502.61,1
11.9659,312,416,612.61,493.95,1
11.9973,312,376,582.55,482.15,1
12.03,320,360,556.3,469.94,1
12.0643,320,360,532.67,458.94,1
12.0966,320,384,511.4,451.45,1
12.1372,328,432,493.06,449.5,1
12.1747,360,488,479.75,453.35,1
12.2104,416,552,473.38,463.22,1
12.2402,488,592,474.84,476.1,1
12.2663,576,616,484.96,490.09,1
12.2949,664,632,502.86,504.28,1
12.3287,744,640,526.98,517.85,1
12.363,816,640,555.88,530.07,1
12.3961,872,608,587.49,537.86,1
12.4306,896,576,618.34,541.67,1
12.4625,904,520,646.91,539.51,1
12.4965,904,464,672.62,531.96,1
12.5296,888,424,694.15,521.16,1
12.5617,872,392,711.94,508.24,1
12.5966,864,368,727.15,494.22,1
12.6302,848,360,739.23,480.8,1
12.6654,824,368,747.71,469.52,1
12.7006,800,368,752.94,459.37,1
12.7316,776,368,755.24,450.23,1
12.7618,752,376,754.92,442.81,1
12.7964,736,384,753.03,436.93,1
12.8282,720,376,749.72,430.83,1
12.8631,712,376,745.95,425.35,1
12.8957,720,384,743.36,421.21,1
12.9285,736,400,742.62,419.09,1
12.9617,760,432,744.36,420.38,1
12.9953,784,472,748.32,425.55,1
13.0301,824,536,755.89,436.59,1
13.0619,856,592,765.9,452.13,1
13.0943,880,624,777.31,469.32,1
13.1284,872,640,786.78,486.39,1
13.1612,824,632,790.5,500.95,1
13.1961,760,624,787.45,513.25,1
13.2286,688,608,777.51,522.73,1
13.2638,616,600,761.36,530.46,1
13.2954,544,592,739.62,536.61,1
13.329,464,576,712.06,540.55,1
13.3616,384,536,679.25,540.09,1
13.396,336,496,644.93,535.68,1
13.4293,320,456,612.43,527.72,1
13.4611,320,448,583.19,519.74,1
13.4949,336,448,558.47,512.57,1
13.5277,344,464,537.02,507.71,1
13.5623,368,504,520.12,507.34,1
13.5969,384,560,506.51,512.61,1
13.6289,432,608,499.06,522.15,1
13.6609,504,640,499.55,533.93,1
13.6946,608,656,510.4,546.14,1
13.7294,728,656,532.16,557.12,1
13.7624,824,632,561.34,564.61,1
13.7992,888,600,594.01,568.15,1
13.8293,936,576,628.21,568.94,1
13.8628,968,552,662.19,567.24,1
13.8963,984,520,694.37,562.52,1
13.9294,984,512,723.33,557.47,1
13.9619,952,512,746.2,552.92,1
13.9949,904,512,761.98,548.83,1
14.0282,848,512,770.58,545.15,1
14.0624,792,504,772.72,541.03,1
14.0971,736,496,769.05,536.53,1
14.1395,712,496,763.35,532.47,1
14.1689,696,504,756.61,529.63,1
14.2028,680,528,748.95,529.46,1
14.24,664,568,740.45,533.32,1
14.2712,648,600,731.21,539.99,1
14.2948,640,632,722.09,549.19,1
14.3275,640,664,713.88,560.67,1
14.3623,648,648,707.29,569.4,1
14.3954,648,616,701.36,574.06,1
14.4281,640,576,695.23,574.26,1
14.4608,624,536,688.1,570.43,1
14.4963,616,504,680.89,563.79,1
14.5287,600,488,672.8,556.21,1
14.561,592,496,664.72,550.19,1
14.5948,576,504,655.85,545.57,1
14.6276,536,520,643.87,543.01,1
14.6616,488,544,628.28,543.11,1
14.6953,440,568,609.45,545.6,1
14.7301,392,576,587.71,548.64,1
14.7635,360,592,564.94,552.98,1
14.7957,368,600,545.24,557.68,1
14.8308,408,608,531.52,562.71,1
14.8617,464,616,524.77,568.04,1
14.8963,528,632,525.09,574.44,1
14.9285,608,640,533.38,580.99,1
14.9619,712,648,551.24,587.69,1
14.9958,816,648,577.72,593.72,1
15.0291,896,624,609.55,596.75,1
15.0623,944,600,642.99,597.08,1
15.096,960,568,674.69,594.17,1
15.1284,968,520,704.02,586.75,1
15.1618,968,496,730.42,577.68,1
15.1943,976,496,754.98,569.51,1
15.2289,984,512,777.88,563.76,1
15.2606,984,544,798.49,561.78,1
15.2958,968,584,815.44,564.0,1
15.3276,920,608,825.9,568.4,1
15.3613,848,624,828.11,573.96,1
15.3942,760,632,821.3,579.77,1
15.4287,672,632,806.37,584.99,1
15.4619,600,632,785.73,589.69,1
15.4939,536,632,760.76,593.92,1
15.5275,480,632,732.68,597.73,1
15.5621,456,624,705.01,600.36,1
15.5952,448,608,679.31,601.12,1
15.6279,464,584,657.78,599.41,1
15.6617,488,560,640.8,595.47,1
15.6937,512,536,627.92,589.52,1
15.7292,536,512,618.73,581.77,1
15.76,560,496,612.86,573.19,1
15.7945,568,488,608.37,564.67,1
15.8271,568,496,604.33,557.81,1
15.8608,560,512,599.9,553.23,1
15.8938,544,544,594.31,552.3,1
15.9283,536,576,588.48,554.67,1
15.9613,512,600,580.83,559.21,1
15.994,496,632,572.35,566.48,1
16.027,496,648,564.71,574.64,1
16.0608,520,648,560.24,581.97,1
16.0946,568,640,561.02,587.78,1
16.1279,624,632,567.32,592.2,1
16.1759,688,624,579.38,595.38,1
16.2026,752,616,596.65,597.44,1
16.2392,816,608,618.58,598.5,1
16.2716,888,600,645.52,598.65,1
16.3116,944,592,675.37,597.98,1
16.3379,976,576,705.43,595.78,1
16.3638,992,552,734.09,591.41,1
16.3938,984,544,759.08,586.66,1
16.4278,976,560,780.77,584.0,1
16.4599,968,584,799.5,584.0,1
16.4944,944,608,813.95,586.4,1
16.5265,904,632,822.95,590.96,1
16.5613,848,648,825.46,596.66,1
16.5931,760,656,818.91,602.6,1
16.6297,656,656,802.62,607.94,1
16.6606,576,640,779.96,611.14,1
16.6934,496,632,751.56,613.23,1
16.7264,440,616,720.41,613.51,1
16.7611,400,600,688.37,612.16,1
16.793,376,592,657.13,610.14,1
16.8269,376,584,629.02,607.53,1
16.8594,400,576,606.11,604.37,1
16.8933,440,576,589.5,601.54,1
16.9271,488,568,579.35,598.18,1
16.9602,536,568,575.02,595.16,1
16.9928,576,568,575.12,592.45,1
17.0267,608,568,578.4,590.0,1
17.0618,640,576,584.56,588.6,1
17.0932,656,600,591.71,589.74,1
17.1263,680,624,600.54,593.17,1
17.1599,704,648,610.88,598.65,1
17.1932,712,656,620.99,604.39,1
17.229,720,648,630.9,608.75,1
17.2596,728,624,640.61,610.27,1
17.2933,744,600,650.95,609.25,1
17.3262,768,576,662.65,605.92,1
17.36,784,568,674.79,602.13,1
17.3926,800,560,687.31,597.92,1
17.4265,824,560,700.98,594.12,1
17.4595,864,560,717.28,590.71,1
17.4931,896,560,735.15,587.64,1
17.5289,928,576,754.44,586.48,1
17.5597,952,584,774.19,586.23,1
17.5927,960,592,792.77,586.81,1
17.6266,944,608,807.9,588.93,1
17.6594,912,616,818.31,591.63,1
17.693,864,624,822.88,594.87,1
17.7272,800,640,820.59,599.38,1
17.7598,728,648,811.33,604.24,1
17.7935,640,648,794.2,608.62,1
17.8263,552,632,769.98,610.96,1
17.86,480,616,740.98,611.46,1
17.8929,432,592,710.08,609.52,1
17.9257,392,576,678.27,606.16,1
17.9596,368,560,647.25,601.55,1
17.9925,360,552,618.52,596.59,1
18.0272,368,552,593.47,592.13,1
18.0601,384,576,572.52,590.52,1
18.0952,424,592,557.67,590.67,1
18.1303,480,600,549.9,591.6,1
18.1707,544,608,549.31,593.24,1
18.2008,608,624,555.18,596.32,1
18.2368,672,632,566.86,599.89,1
18.2704,736,640,583.78,603.9,1
18.3031,784,648,603.8,608.31,1
18.3272,816,648,625.02,612.28,1
18.3607,832,640,645.72,615.05,1
18.3951,840,616,665.15,615.14,1
18.4293,840,600,682.63,613.63,1
18.4594,832,576,697.57,609.87,1
18.4938,824,560,710.21,604.88,1
18.5271,824,544,721.59,598.79,1
18.5595,832,528,732.63,591.71,1
18.594,848,536,744.17,586.14,1
18.626,864,544,756.15,581.93,1
18.6605,872,560,767.74,579.73,1
18.6961,880,584,778.96,580.16,1
18.7263,888,608,789.87,582.95,1
18.7603,880,632,798.88,587.85,1
18.7931,856,640,804.59,593.07,1
18.8262,808,648,804.93,598.56,1
18.8598,760,640,800.44,602.7,1
18.8937,696,640,790.0,606.43,1
18.9271,624,632,773.4,608.99,1
18.9595,552,624,751.26,610.49,1
18.9935,488,608,724.93,610.24,1
19.0286,432,592,695.64,608.42,1
19.0602,392,576,665.27,605.18,1
19.0937,376,560,636.35,600.66,1
19.1259,376,552,610.31,595.79,1
19.16,376,560,586.88,592.21,1
19.1936,392,576,567.39,590.59,1
19.2263,416,592,552.25,590.73,1
19.259,464,616,543.43,593.26,1
19.2925,528,632,541.89,597.13,1
19.3294,608,640,548.5,601.42,1
19.3604,696,640,563.25,605.28,1
19.393,768,640,583.72,608.75,1
19.4271,824,640,607.75,611.88,1
19.4594,872,632,634.18,613.89,1
19.4921,904,616,661.16,614.1,1
19.5276,920,608,687.04,613.49,1
19.5601,920,592,710.34,611.34,1
19.5923,912,576,730.5,607.81,1
19.6267,896,560,747.05,603.03,1
19.6589,880,544,760.35,597.12,1
19.6919,856,544,769.91,591.81,1
19.7254,840,552,776.92,587.83,1
19.7594,832,560,782.43,585.05,1
19.7921,824,568,786.59,583.34,1
19.8258,824,592,790.33,584.21,1
19.8588,816,616,792.9,587.39,1
19.8923,808,632,794.41,591.85,1
19.9291,784,648,793.37,597.46,1
19.9587,744,640,788.43,601.72,1
19.9929,704,632,779.99,604.75,1
20.0258,656,616,767.59,605.87,1
20.0594,608,600,751.63,605.28,1
20.0926,560,592,732.47,603.96,1
20.128,512,592,710.42,602.76,1
20.1598,472,584,686.58,600.88,1
20.2056,432,568,661.12,597.6,1
20.2331,408,568,635.81,594.64,1
20.2713,408,568,613.03,591.97,1
20.303,416,576,593.32,590.38,1
20.3435,440,584,577.99,589.74,1
20.3653,472,608,567.39,591.56,1
20.3923,528,624,563.45,594.81,1
20.425,600,640,567.11,599.33,1
20.4587,680,648,578.4,604.19,1
20.4919,768,648,597.36,608.57,1
20.525,840,640,621.62,611.72,1
20.5586,904,624,649.86,612.95,1
20.5917,944,608,679.27,612.45,1
20.6249,976,592,708.95,610.41,1
20.6584,992,584,737.25,607.77,1
20.6917,992,576,762.73,604.59,1
20.725,976,568,784.05,600.93,1
20.7582,944,568,800.05,597.64,1
20.7916,912,576,811.24,595.47,1
20.8249,872,576,817.32,593.53,1
20.8582,832,584,818.79,592.57,1
20.8916,800,592,816.91,592.52,1
20.9347,768,608,812.02,594.06,1
20.9584,744,624,805.22,597.06,1
20.9916,712,640,795.89,601.35,1
21.0249,680,648,784.3,606.02,1
21.0584,656,640,771.47,609.42,1
21.0915,624,624,756.73,610.87,1
21.1247,592,608,740.25,610.59,1
21.1582,576,584,723.83,607.93,1
21.1915,552,576,706.65,604.73,1
21.2386,528,568,688.78,601.06,1
21.2586,496,568,669.5,597.76,1
21.2919,480,560,650.55,593.98,1
21.3251,464,568,631.9,591.38,1
21.3579,448,584,613.51,590.64,1
21.3916,448,592,596.96,590.78,1
21.4245,472,608,584.46,592.5,1
21.4592,504,624,576.42,595.65,1
21.4914,552,632,573.97,599.29,1
21.5248,624,640,578.98,603.36,1
21.561,696,648,590.68,607.82,1
21.5917,768,648,608.41,611.84,1
21.6246,840,640,631.57,614.66,1
21.6592,904,624,658.81,615.59,1
21.691,944,608,687.33,614.83,1
21.7258,968,592,715.4,612.55,1
21.7579,984,584,742.26,609.69,1
21.7911,992,576,767.23,606.32,1
21.8356,984,576,788.91,603.29,1
21.8597,968,584,806.82,601.36,1
21.8909,936,600,819.74,601.23,1
21.9244,904,608,828.16,601.9,1
21.9577,856,616,830.95,603.31,1
21.9912,816,624,829.45,605.38,1
22.024,768,632,823.31,608.04,1
22.0582,720,640,812.98,611.24,1
22.0907,672,648,798.88,614.92,1
22.1411,632,648,782.19,618.22,1
22.1602,592,640,763.17,620.4,1
22.2078,568,624,743.65,620.76,1
22.2346,560,608,725.29,619.49,1
22.2676,536,584,706.36,615.94,1
22.3021,528,576,688.52,611.94,1
22.3279,520,568,671.67,607.55,1
22.3586,504,568,654.9,603.59,1
22.3911,504,568,639.81,600.03,1
22.4244,496,584,625.43,598.43,1
22.4578,496,600,612.49,598.59,1
22.4915,504,616,601.64,600.33,1
22.5237,528,632,594.28,603.5,1
22.5589,560,648,590.85,607.95,1
22.5908,608,648,592.56,611.95,1
22.6244,664,648,599.71,615.56,1
22.6574,736,656,613.34,619.6,1
22.6906,800,648,632.0,622.44,1
22.7371,856,640,654.4,624.2,1
22.7579,912,624,680.16,624.18,1
22.7905,960,616,708.15,623.36,1
22.8252,984,600,735.73,621.02,1
22.8572,1000,592,762.16,618.12,1
22.891,1008,592,786.74,615.51,1
22.9238,1008,592,808.87,613.16,1
22.9574,992,600,827.18,611.84,1
22.9914,968,608,841.26,611.46,1
23.0366,928,616,849.94,611.91,1
23.0583,880,632,852.94,613.92,1
23.092,824,640,850.05,616.53,1
23.1236,768,648,841.84,619.68,1
23.1574,704,656,828.06,623.31,1
23.1935,648,656,810.05,626.58,1
23.2241,608,648,789.85,628.72,1
23.2569,576,640,768.46,629.85,1
23.2909,552,624,746.82,629.26,1
23.3236,536,608,725.74,627.14,1
23.3573,528,592,705.96,623.62,1
23.392,520,592,687.37,620.46,1
23.4238,520,584,670.63,616.81,1
23.4567,528,584,656.37,613.53,1
23.4906,528,592,643.53,611.38,1
23.5235,528,608,631.98,611.04,1
23.5574,552,616,623.98,611.54,1
23.5901,576,632,619.18,613.58,1
23.6332,608,648,618.06,617.03,1
23.6569,648,656,621.06,620.92,1
23.6925,696,656,628.55,624.43,1
23.7245,752,648,640.9,626.79,1
23.7583,800,648,656.81,628.91,1
23.7902,856,640,676.73,630.02,1
23.8247,912,632,700.25,630.22,1
23.8568,960,616,726.23,628.79,1
23.8902,992,608,752.81,626.72,1
23.9314,1008,600,778.32,624.04,1
23.958,1024,600,802.89,621.64,1
23.9934,1024,600,825.0,619.48,1
24.0239,1016,600,844.1,617.53,1
24.0568,1000,616,859.69,617.38,1
24.0903,960,624,869.72,618.04,1
24.1232,912,632,873.95,619.43,1
24.1606,856,648,872.16,622.29,1
24.1978,792,656,864.14,625.66,1
24.2372,728,656,850.53,628.7,1
24.2681,664,656,831.87,631.43,1
24.304,608,648,809.49,633.08,1
24.3283,568,640,785.34,633.77,1
24.3594,544,632,761.2,633.6,1
24.3914,528,616,737.88,631.84,1
24.4241,520,600,716.1,628.65,1
24.4578,520,592,696.49,624.99,1
24.4904,528,592,679.64,621.69,1
24.5345,528,584,664.47,617.92,1
24.5566,536,592,651.63,615.33,1
24.5902,552,600,641.66,613.8,1
24.6231,568,616,634.3,614.02,1
24.6567,592,624,630.07,615.01,1
24.6898,624,640,629.46,617.51,1
24.725,664,648,632.91,620.56,1
24.7576,712,648,640.82,623.31,1
24.7902,760,640,652.74,624.98,1
24.833,816,632,669.07,625.68,1
24.857,864,624,688.56,625.51,1
24.8896,904,616,710.1,624.56,1
24.9231,960,608,735.09,622.9,1
24.9568,992,600,760.78,620.61,1
24.9899,1016,592,786.31,617.75,1
25.023,1032,592,810.88,615.18,1
25.0564,1032,592,832.99,612.86,1
25.0898,1024,592,852.09,610.77,1
25.1241,1008,608,867.68,610.5,1
25.1563,976,624,878.51,611.85,1
25.1899,936,632,884.26,613.86,1
25.2233,880,648,883.83,617.28,1
25.2563,816,656,877.05,621.15,1
25.2896,752,664,864.55,625.43,1
25.323,688,656,846.89,628.49,1
25.3561,624,648,824.6,630.44,1
25.3898,576,640,799.74,631.4,1
25.432,544,632,774.17,631.46,1
25.4564,528,616,749.55,629.91,1
25.4894,520,608,726.6,627.72,1
25.5229,520,600,705.94,624.95,1
25.5559,528,600,688.14,622.45,1
25.592,544,600,673.73,620.21,1
25.6225,560,600,662.36,618.19,1
25.6562,584,608,654.52,617.17,1
25.6891,608,616,649.87,617.05,1
25.7324,632,632,648.08,618.55,1
25.7562,672,640,650.47,620.69,1
25.7897,712,648,656.63,623.42,1
25.8226,752,656,666.16,626.68,1
25.8573,784,648,677.95,628.81,1
25.8893,816,640,691.75,629.93,1
25.9227,856,624,708.18,629.34,1
25.956,896,616,726.96,628.0,1
25.9896,928,608,747.06,626.0,1
26.0223,968,600,769.16,623.4,1
26.0564,992,592,791.44,620.26,1
26.089,1016,592,813.9,617.44,1
26.1228,1024,600,834.91,615.69,1
26.1567,1024,600,853.82,614.12,1
26.1971,1016,608,870.04,613.51,1
26.2341,992,616,882.23,613.76,1
26.2617,952,632,889.21,615.58,1
26.304,888,640,889.09,618.03,1
26.3374,832,648,883.38,621.02,1
26.3677,760,656,871.04,624.52,1
26.3952,704,648,854.34,626.87,1
26.4238,648,640,833.7,628.18,1
26.4558,608,632,811.13,628.56,1
26.4894,568,624,786.82,628.11,1
26.5223,544,624,762.54,627.7,1
26.5569,528,616,739.08,626.53,1
26.5891,520,608,717.18,624.67,1
26.6226,528,608,698.26,623.01,1
26.665,536,616,682.03,622.31,1
26.6893,568,616,670.63,621.68,1
26.7231,592,616,662.77,621.11,1
26.7598,624,632,658.89,622.2,1
26.789,664,640,659.4,623.98,1
26.8224,696,648,663.06,626.38,1
26.8555,744,648,671.15,628.54,1
26.889,776,648,681.64,630.49,1
26.9223,808,648,694.28,632.24,1
26.9557,832,640,708.05,633.01,1
26.9888,856,624,722.84,632.11,1
27.0226,880,624,738.56,631.3,1
27.0557,912,616,755.9,629.77,1
27.09,936,616,773.91,628.39,1
27.1221,960,616,792.52,627.16,1
27.1555,976,616,810.87,626.04,1
27.1888,984,624,828.18,625.84,1
27.2224,976,624,842.96,625.65,1
27.2624,960,632,854.67,626.29,1
27.2889,944,640,863.6,627.66,1
27.3242,912,648,868.44,629.69,1
27.3559,864,656,868.0,632.32,1
27.3892,800,656,861.2,634.69,1
27.4237,736,656,848.68,636.82,1
27.4571,680,656,831.81,638.74,1
27.4892,632,648,811.83,639.67,1
27.5226,584,640,789.05,639.7,1
27.5613,552,632,765.34,638.93,1
27.5905,536,624,742.41,637.44,1
27.6223,528,624,720.97,636.09,1
27.6562,536,624,702.47,634.88,1
27.6889,552,624,687.42,633.8,1
27.7231,576,624,676.28,632.82,1
27.7557,608,632,669.45,632.73,1
27.7895,640,640,666.51,633.46,1
27.8222,672,648,667.06,634.91,1
27.8564,712,656,671.55,637.02,1
27.8911,760,656,680.4,638.92,1
27.9218,792,664,691.56,641.43,1
27.9555,824,656,704.8,642.89,1
27.9886,856,648,719.92,643.4,1
28.022,880,640,735.93,643.06,1
28.0552,896,632,751.94,641.95,1
28.0902,920,624,768.74,640.16,1
28.1218,936,616,785.47,637.74,1
28.1645,952,616,802.12,635.57,1
28.1913,960,616,817.91,633.61,1
28.2347,960,616,832.12,631.85,1
28.268,960,624,844.91,631.06,1
28.3039,952,632,855.62,631.16,1
28.3336,928,640,862.85,632.04,1
28.3586,888,648,865.37,633.64,1
28.3898,856,648,864.43,635.07,1
28.4222,808,656,858.79,637.17,1
28.4645,760,656,848.91,639.05,1
28.4897,696,648,833.62,639.94,1
28.5227,640,640,814.26,639.95,1
28.5563,600,640,792.83,639.96,1
28.5894,552,632,768.75,639.16,1
28.6227,528,624,744.67,637.64,1
28.6557,520,616,722.21,635.48,1
28.6894,512,616,701.19,633.53,1
28.7221,520,624,683.07,632.58,1
28.7559,544,624,669.16,631.72,1
28.7893,568,632,659.04,631.75,1
28.8227,608,640,653.94,632.57,1
28.856,640,640,652.55,633.32,1
28.8897,696,648,656.89,634.78,1
28.9238,736,648,664.8,636.11,1
28.9563,776,656,675.92,638.1,1
28.9886,816,656,689.93,639.89,1
29.0225,848,648,705.74,640.7,1
29.0663,872,640,722.36,640.63,1
29.0884,888,632,738.93,639.76,1
29.1213,904,624,755.43,638.19,1
29.155,920,616,771.89,635.97,1
29.1879,920,608,786.7,633.17,1
29.2226,928,608,800.83,630.66,1
29.2546,920,616,812.75,629.19,1
29.2881,912,624,822.67,628.67,1
29.3212,904,632,830.81,629.0,1
29.3673,888,640,836.53,630.1,1
29.388,864,648,839.27,631.89,1
